event_id,event_type,source_user_id,target_user_id,created_at,content,notification_text
evt-011,comment,u110,u208,2026-05-14 09:01:03,Buen dato,u110 comento tu publicacion
evt-010,follow,u109,u207,2026-05-14 09:00:55,,u109 comenzo a seguirte
evt-009,like,u108,u206,2026-05-14 09:00:43,,u108 reacciono a tu publicacion
evt-005,comment,u104,u203,2026-05-14 09:00:25,Me interesa,u104 comento tu publicacion
evt-004,like,u103,u202,2026-05-14 09:00:20,,u103 reacciono a tu publicacion
evt-003,follow,u102,u201,2026-05-14 09:00:15,,u102 comenzo a seguirte
evt-002,comment,u101,u200,2026-05-14 09:00:08,Gran publicacion,u101 comento tu publicacion
evt-001,like,u100,u200,2026-05-14 09:00:01,,u100 reacciono a tu publicacion
